{
    "extent": [
        -960.46875,
        -959.5311499511719,
        959.53125,
        960.4688500488281
    ],
    "origin": [
        -960.46875,
        960.4688500488281
    ],
    "resolutions": [
        7.5,
        3.75,
        1.875,
        0.9375
    ],
    "tileSize": [
        256,
        256
    ]
}