{
  "worldBounds": {
    "center": {
      "x": 0.0,
      "y": 492.235,
      "z": 0.0
    },
    "size": {
      "x": 3968.0,
      "y": 984.47,
      "z": 3968.00049
    },
    "extents": {
      "x": 1984.0,
      "y": 492.235,
      "z": 1984.00024
    },
    "min": {
      "x": -1984.0,
      "y": 0.0,
      "z": -1984.00024
    },
    "max": {
      "x": 1984.0,
      "y": 984.47,
      "z": 1984.00024
    }
  }
}