{
  "worldBounds": {
    "center": {
      "x": 458.224854,
      "y": 533.084,
      "z": 123.640259
    },
    "size": {
      "x": 4996.618,
      "y": 1066.1687,
      "z": 4296.258
    },
    "extents": {
      "x": 2498.309,
      "y": 533.084351,
      "z": 2148.129
    },
    "min": {
      "x": -2040.08423,
      "y": -0.000366210938,
      "z": -2024.48865
    },
    "max": {
      "x": 2956.534,
      "y": 1066.16833,
      "z": 2271.769
    }
  }
}