{
  "worldBounds": {
    "center": {
      "x": 3.9420166,
      "y": 0.499969482,
      "z": -133.820923
    },
    "size": {
      "x": 2162.505,
      "y": 1.00024414,
      "z": 2192.17114
    },
    "extents": {
      "x": 1081.25244,
      "y": 0.5001221,
      "z": 1096.08557
    },
    "min": {
      "x": -1077.31042,
      "y": -0.000152587891,
      "z": -1229.90649
    },
    "max": {
      "x": 1085.19446,
      "y": 1.00009155,
      "z": 962.264648
    }
  }
}