{
  "worldBounds": {
    "center": {
      "x": 0.0,
      "y": 465.616058,
      "z": 0.0
    },
    "size": {
      "x": 1920.0,
      "y": 931.2321,
      "z": 1920.00024
    },
    "extents": {
      "x": 960.0,
      "y": 465.616058,
      "z": 960.0001
    },
    "min": {
      "x": -960.0,
      "y": 0.0,
      "z": -960.0001
    },
    "max": {
      "x": 960.0,
      "y": 931.2321,
      "z": 960.0001
    }
  }
}