{
    "extent": [
        -1077.8103055478502,
        -1229.733553850037,
        1084.6945744521497,
        962.7644590209758
    ],
    "origin": [
        -1077.8103055478502,
        962.7644590209758
    ],
    "resolutions": [
        15.996337531206658,
        7.998168765603329,
        3.9990843828016645,
        1.9995421914008322,
        0.9997710957004161
    ],
    "tileSize": [
        256,
        256
    ]
}