{
  "worldBounds": {
    "center": {
      "x": 0.0,
      "y": 1026.00024,
      "z": 0.000122070313
    },
    "size": {
      "x": 3968.0,
      "y": 2052.00049,
      "z": 3968.00049
    },
    "extents": {
      "x": 1984.0,
      "y": 1026.00024,
      "z": 1984.00024
    },
    "min": {
      "x": -1984.0,
      "y": 0.0,
      "z": -1984.00012
    },
    "max": {
      "x": 1984.0,
      "y": 2052.00049,
      "z": 1984.00037
    }
  }
}