{
    "extent": [
        -1984.4995086151714,
        -1984.492130616586,
        1984.4894986151714,
        1984.4968766137567
    ],
    "origin": [
        -1984.4995086151714,
        1984.4968766137567
    ],
    "resolutions": [
        15.999955685483872,
        7.999977842741936,
        3.999988921370968,
        1.999994460685484,
        0.999997230342742
    ],
    "tileSize": [
        256,
        256
    ]
}