{
  "worldBounds": {
    "center": {
      "x": 0.0,
      "y": 1026.00012,
      "z": 6.10351563E-05
    },
    "size": {
      "x": 1920.0,
      "y": 2052.00024,
      "z": 1920.00012
    },
    "extents": {
      "x": 960.0,
      "y": 1026.00012,
      "z": 960.000061
    },
    "min": {
      "x": -960.0,
      "y": 0.0,
      "z": -960.0
    },
    "max": {
      "x": 960.0,
      "y": 2052.00024,
      "z": 960.0001
    }
  }
}