{
    "extent": [
        -1984.484375,
        -1983.5153849414062,
        1983.515625,
        1984.4846150585938
    ],
    "origin": [
        -1984.484375,
        1984.4846150585938
    ],
    "resolutions": [
        15.5,
        7.75,
        3.875,
        1.9375,
        0.96875
    ],
    "tileSize": [
        256,
        256
    ]
}