{
    "extent": [
        -1077.8102045454546,
        -1229.290557342661,
        1121.2417954545456,
        962.7644590209758
    ],
    "origin": [
        -1077.8102045454546,
        962.7644590209758
    ],
    "resolutions": [
        15.993105454545455,
        7.996552727272728,
        3.998276363636364,
        1.999138181818182,
        0.999569090909091
    ],
    "tileSize": [
        256,
        256
    ]
}