{
    "extent": [
        -966.5740828720749,
        -954.671047869178,
        956.136975127925,
        972.0394091074209
    ],
    "origin": [
        -966.5740828720749,
        972.0394091074209
    ],
    "resolutions": [
        7.998797953198127,
        3.9993989765990636,
        1.9996994882995318,
        0.9998497441497659
    ],
    "tileSize": [
        256,
        256
    ]
}