{
  "worldBounds": {
    "center": {
      "x": -0.005004883,
      "y": 378.1192,
      "z": -0.0133056641
    },
    "size": {
      "x": 3967.989,
      "y": 756.239136,
      "z": 3968.02051
    },
    "extents": {
      "x": 1983.99451,
      "y": 378.119568,
      "z": 1984.01025
    },
    "min": {
      "x": -1983.99951,
      "y": -0.000366210938,
      "z": -1984.02356
    },
    "max": {
      "x": 1983.9895,
      "y": 756.2388,
      "z": 1983.997
    }
  }
}