{
  "worldBounds": {
    "center": {
      "x": -4.718628,
      "y": 64.0799561,
      "z": 8.407471
    },
    "size": {
      "x": 1922.711,
      "y": 128.160278,
      "z": 1926.26428
    },
    "extents": {
      "x": 961.3555,
      "y": 64.08014,
      "z": 963.132141
    },
    "min": {
      "x": -966.074158,
      "y": -0.000183105469,
      "z": -954.7247
    },
    "max": {
      "x": 956.6369,
      "y": 128.1601,
      "z": 971.5396
    }
  }
}