{
  "worldBounds": {
    "center": {
      "x": 0.0,
      "y": 501.200073,
      "z": 0.0
    },
    "size": {
      "x": 1920.0,
      "y": 1002.40015,
      "z": 1920.00024
    },
    "extents": {
      "x": 960.0,
      "y": 501.200073,
      "z": 960.0001
    },
    "min": {
      "x": -960.0,
      "y": 0.0,
      "z": -960.0001
    },
    "max": {
      "x": 960.0,
      "y": 1002.40015,
      "z": 960.0001
    }
  }
}