{
    "extent": [
        -2040.58419180008,
        -2024.4027962679652,
        2956.0340381999204,
        2272.2689136199674
    ],
    "origin": [
        -2040.58419180008,
        2272.2689136199674
    ],
    "resolutions": [
        31.997555205123074,
        15.998777602561537,
        7.999388801280769,
        3.9996944006403843,
        1.9998472003201921,
        0.9999236001600961
    ],
    "tileSize": [
        256,
        256
    ]
}