{
    "extent": [
        -960.46875,
        -959.531149975586,
        959.53125,
        960.468850024414
    ],
    "origin": [
        -960.46875,
        960.468850024414
    ],
    "resolutions": [
        7.5,
        3.75,
        1.875,
        0.9375
    ],
    "tileSize": [
        256,
        256
    ]
}